fac_features_mean_5,fac_tremor_median_5,fac_disp_median_5,fac_corr_5,fac_features_mean_12,fac_tremor_median_12,fac_disp_median_12,fac_corr_12,fac_features_mean_8,fac_tremor_median_8,fac_disp_median_8,fac_corr_8,fac_features_mean_48,fac_tremor_median_48,fac_disp_median_48,fac_corr_48,fac_features_mean_54,fac_tremor_median_54,fac_disp_median_54,fac_corr_54,fac_features_mean_28,fac_tremor_median_28,fac_disp_median_28,fac_corr_28,fac_features_mean_51,fac_tremor_median_51,fac_disp_median_51,fac_corr_51,fac_features_mean_66,fac_tremor_median_66,fac_disp_median_66,fac_corr_66,fac_features_mean_57,fac_tremor_median_57,fac_disp_median_57,fac_corr_57,error_reason
0.6029250363827967,0.39171420781121613,0.26035769693824196,0.7473087167126393,1.3645433424884712,1.1762698005579144,0.39017672968613304,0.49366617490576953,0.5627914492034229,0.3981377535025816,0.3761030460355054,0.8222056855118175,0.09964237113311428,0.059715265883007414,0.2266665164964506,0.9557524368032334,0.27031469614635006,0.16967028878624843,0.2960809472847365,0.9037531121242868,2.852450763284694e-16,1.5146352620513095e-16,0.22913381798757276,0.9999999999999999,0.0647766120988709,0.0335539481847587,0.21766677399948048,0.9741093563687931,0.05244169006111546,0.02799130613467002,0.22203440595898613,0.9788264223859691,0.10082426711150651,0.056383208054521,0.23831632392229174,0.960263706993652,
